id,name,type1,type2,height,weight,hp,attack,defense,special_attack,special_defense,speed,total_stats,is_legendary
1,bulbasaur,grass,poison,7,69,45,49,49,65,65,45,318,False
2,ivysaur,grass,poison,10,130,60,62,63,80,80,60,405,False
3,venusaur,grass,poison,20,1000,80,82,83,100,100,80,525,False
4,charmander,fire,,6,85,39,52,43,60,50,65,309,False
5,charmeleon,fire,,11,190,58,64,58,80,65,80,405,False
6,charizard,fire,flying,17,905,78,84,78,109,85,100,534,False
7,squirtle,water,,5,90,44,48,65,50,64,43,314,False
8,wartortle,water,,10,225,59,63,80,65,80,58,405,False
9,blastoise,water,,16,855,79,83,100,85,105,78,530,False
10,caterpie,bug,,3,29,45,30,35,20,20,45,195,False
11,metapod,bug,,7,99,50,20,55,25,25,30,205,False
12,butterfree,bug,flying,11,320,60,45,50,90,80,70,395,False
13,weedle,bug,poison,3,32,40,35,30,20,20,50,195,False
14,kakuna,bug,poison,6,100,45,25,50,25,25,35,205,False
15,beedrill,bug,poison,10,295,65,90,40,45,80,75,395,False
16,pidgey,normal,flying,3,18,40,45,40,35,35,56,251,False
17,pidgeotto,normal,flying,11,300,63,60,55,50,50,71,349,False
18,pidgeot,normal,flying,15,395,83,80,75,70,70,101,479,False
19,rattata,normal,,3,35,30,56,35,25,35,72,253,False
20,raticate,normal,,7,185,55,81,60,50,70,97,413,False
21,spearow,normal,flying,3,20,40,60,30,31,31,70,262,False
22,fearow,normal,flying,12,380,65,90,65,61,61,100,442,False
23,ekans,poison,,20,69,35,60,44,40,54,55,288,False
24,arbok,poison,,35,650,60,95,69,65,79,80,448,False
25,pikachu,electric,,4,60,35,55,40,50,50,90,320,False
26,raichu,electric,,8,300,60,90,55,90,80,110,485,False
27,sandshrew,ground,,6,120,50,75,85,20,30,40,300,False
28,sandslash,ground,,10,295,75,100,110,45,55,65,450,False
29,nidoran-f,poison,,4,70,55,47,52,40,40,41,275,False
30,nidorina,poison,,8,200,70,62,67,55,55,56,365,False
31,nidoqueen,poison,ground,13,600,90,92,87,75,85,76,505,False
32,nidoran-m,poison,,5,90,46,57,40,40,40,50,273,False
33,nidorino,poison,,9,195,61,72,57,55,55,65,365,False
34,nidoking,poison,ground,14,620,81,102,77,85,75,85,505,False
35,clefairy,fairy,,6,75,70,45,48,60,65,35,323,False
36,clefable,fairy,,13,400,95,70,73,95,90,60,483,False
37,vulpix,fire,,6,99,38,41,40,50,65,65,299,False
38,ninetales,fire,,11,199,73,76,75,81,100,100,505,False
39,jigglypuff,normal,fairy,5,55,115,45,20,45,25,20,270,False
40,wigglytuff,normal,fairy,10,120,140,70,45,85,50,45,435,False
41,zubat,poison,flying,8,75,40,45,35,30,40,55,245,False
42,golbat,poison,flying,16,550,75,80,70,65,75,90,455,False
43,oddish,grass,poison,5,54,45,50,55,75,65,30,320,False
44,gloom,grass,poison,8,86,60,65,70,85,75,40,395,False
45,vileplume,grass,poison,12,186,75,80,85,110,90,50,490,False
46,paras,bug,grass,3,54,35,70,55,45,55,25,285,False
47,parasect,bug,grass,10,295,60,95,80,60,80,30,405,False
48,venonat,bug,poison,10,300,60,55,50,40,55,45,305,False
49,venomoth,bug,poison,15,125,70,65,60,90,75,90,450,False
50,diglett,ground,,2,8,10,55,25,35,45,95,265,False
51,dugtrio,ground,,7,333,35,100,50,50,70,120,425,False
52,meowth,normal,,4,42,40,45,35,40,40,90,290,False
53,persian,normal,,10,320,65,70,60,65,65,115,440,False
54,psyduck,water,,8,196,50,52,48,65,50,55,320,False
55,golduck,water,,17,766,80,82,78,95,80,85,500,False
56,mankey,fighting,,5,280,40,80,35,35,45,70,305,False
57,primeape,fighting,,10,320,65,105,60,60,70,95,455,False
58,growlithe,fire,,7,190,55,70,45,70,50,60,350,False
59,arcanine,fire,,19,1550,90,110,80,100,80,95,555,False
60,poliwag,water,,6,124,40,50,40,40,40,90,300,False
61,poliwhirl,water,,10,200,65,65,65,50,50,90,385,False
62,poliwrath,water,fighting,13,540,90,95,95,70,90,70,510,False
63,abra,psychic,,9,195,25,20,15,105,55,90,310,False
64,kadabra,psychic,,13,565,40,35,30,120,70,105,400,False
65,alakazam,psychic,,15,480,55,50,45,135,95,120,500,False
66,machop,fighting,,8,195,70,80,50,35,35,35,305,False
67,machoke,fighting,,15,705,80,100,70,50,60,45,405,False
68,machamp,fighting,,16,1300,90,130,80,65,85,55,505,False
69,bellsprout,grass,poison,7,40,50,75,35,70,30,40,300,False
70,weepinbell,grass,poison,10,64,65,90,50,85,45,55,390,False
71,victreebel,grass,poison,17,155,80,105,65,100,70,70,490,False
72,tentacool,water,poison,9,455,40,40,35,50,100,70,335,False
73,tentacruel,water,poison,16,550,80,70,65,80,120,100,515,False
74,geodude,rock,ground,4,200,40,80,100,30,30,20,300,False
75,graveler,rock,ground,10,1050,55,95,115,45,45,35,390,False
76,golem,rock,ground,14,3000,80,120,130,55,65,45,495,False
77,ponyta,fire,,10,300,50,85,55,65,65,90,410,False
78,rapidash,fire,,17,950,65,100,70,80,80,105,500,False
79,slowpoke,water,psychic,12,360,90,65,65,40,40,15,315,False
80,slowbro,water,psychic,16,785,95,75,110,100,80,30,490,False
81,magnemite,electric,steel,3,60,25,35,70,95,55,45,325,False
82,magneton,electric,steel,10,600,50,60,95,120,70,70,465,False
83,farfetchd,normal,flying,8,150,52,90,55,58,62,60,377,False
84,doduo,normal,flying,14,392,35,85,45,35,35,75,310,False
85,dodrio,normal,flying,18,852,60,110,70,60,60,110,470,False
86,seel,water,,11,900,65,45,55,45,70,45,325,False
87,dewgong,water,ice,17,1200,90,70,80,70,95,70,475,False
88,grimer,poison,,9,300,80,80,50,40,50,25,325,False
89,muk,poison,,12,300,105,105,75,65,100,50,500,False
90,shellder,water,,3,40,30,65,100,45,25,40,305,False
91,cloyster,water,ice,15,1325,50,95,180,85,45,70,525,False
92,gastly,ghost,poison,13,1,30,35,30,100,35,80,310,False
93,haunter,ghost,poison,16,1,45,50,45,115,55,95,405,False
94,gengar,ghost,poison,15,405,60,65,60,130,75,110,500,False
95,onix,rock,ground,88,2100,35,45,160,30,45,70,385,False
96,drowzee,psychic,,10,324,60,48,45,43,90,42,328,False
97,hypno,psychic,,16,756,85,73,70,73,115,67,483,False
98,krabby,water,,4,65,30,105,90,25,25,50,325,False
99,kingler,water,,13,600,55,130,115,50,50,75,475,False
100,voltorb,electric,,5,104,40,30,50,55,55,100,330,False
101,electrode,electric,,12,666,60,50,70,80,80,150,490,False
102,exeggcute,grass,psychic,4,25,60,40,80,60,45,40,325,False
103,exeggutor,grass,psychic,20,1200,95,95,85,125,75,55,530,False
104,cubone,ground,,4,65,50,50,95,40,50,35,320,False
105,marowak,ground,,10,450,60,80,110,50,80,45,425,False
106,hitmonlee,fighting,,15,498,50,120,53,35,110,87,455,False
107,hitmonchan,fighting,,14,502,50,105,79,35,110,76,455,False
108,lickitung,normal,,12,655,90,55,75,60,75,30,385,False
109,koffing,poison,,6,10,40,65,95,60,45,35,340,False
110,weezing,poison,,12,95,65,90,120,85,70,60,490,False
111,rhyhorn,ground,rock,10,1150,80,85,95,30,30,25,345,False
112,rhydon,ground,rock,19,1200,105,130,120,45,45,40,485,False
113,chansey,normal,,11,346,250,5,5,35,105,50,450,False
114,tangela,grass,,10,350,65,55,115,100,40,60,435,False
115,kangaskhan,normal,,22,800,105,95,80,40,80,90,490,False
116,horsea,water,,4,80,30,40,70,70,25,60,295,False
117,seadra,water,,12,250,55,65,95,95,45,85,440,False
118,goldeen,water,,6,150,45,67,60,35,50,63,320,False
119,seaking,water,,13,390,80,92,65,65,80,68,450,False
120,staryu,water,,8,345,30,45,55,70,55,85,340,False
121,starmie,water,psychic,11,800,60,75,85,100,85,115,520,False
122,mr-mime,psychic,fairy,13,545,40,45,65,100,120,90,460,False
123,scyther,bug,flying,15,560,70,110,80,55,80,105,500,False
124,jynx,ice,psychic,14,406,65,50,35,115,95,95,455,False
125,electabuzz,electric,,11,300,65,83,57,95,85,105,490,False
126,magmar,fire,,13,445,65,95,57,100,85,93,495,False
127,pinsir,bug,,15,550,65,125,100,55,70,85,500,False
128,tauros,normal,,14,884,75,100,95,40,70,110,490,False
129,magikarp,water,,9,100,20,10,55,15,20,80,200,False
130,gyarados,water,flying,65,2350,95,125,79,60,100,81,540,False
131,lapras,water,ice,25,2200,130,85,80,85,95,60,535,False
132,ditto,normal,,3,40,48,48,48,48,48,48,288,False
133,eevee,normal,,3,65,55,55,50,45,65,55,325,False
134,vaporeon,water,,10,290,130,65,60,110,95,65,525,False
135,jolteon,electric,,8,245,65,65,60,110,95,130,525,False
136,flareon,fire,,9,250,65,130,60,95,110,65,525,False
137,porygon,normal,,8,365,65,60,70,85,75,40,395,False
138,omanyte,rock,water,4,75,35,40,100,90,55,35,355,False
139,omastar,rock,water,10,350,70,60,125,115,70,55,495,False
140,kabuto,rock,water,5,115,30,80,90,55,45,55,355,False
141,kabutops,rock,water,13,405,60,115,105,65,70,80,495,False
142,aerodactyl,rock,flying,18,590,80,105,65,60,75,130,515,False
143,snorlax,normal,,21,4600,160,110,65,65,110,30,540,False
144,articuno,ice,flying,17,554,90,85,100,95,125,85,580,True
145,zapdos,electric,flying,16,526,90,90,85,125,90,100,580,True
146,moltres,fire,flying,20,600,90,100,90,125,85,90,580,True
147,dratini,dragon,,18,33,41,64,45,50,50,50,300,False
148,dragonair,dragon,,40,165,61,84,65,70,70,70,420,False
149,dragonite,dragon,flying,22,2100,91,134,95,100,100,80,600,False
150,mewtwo,psychic,,20,1220,106,110,90,154,90,130,680,True
151,mew,psychic,,4,40,100,100,100,100,100,100,600,True
152,chikorita,grass,,9,64,45,49,65,49,65,45,318,False
153,bayleef,grass,,12,158,60,62,80,63,80,60,405,False
154,meganium,grass,,18,1005,80,82,100,83,100,80,525,False
155,cyndaquil,fire,,5,79,39,52,43,60,50,65,309,False
156,quilava,fire,,9,190,58,64,58,80,65,80,405,False
157,typhlosion,fire,,17,795,78,84,78,109,85,100,534,False
158,totodile,water,,6,95,50,65,64,44,48,43,314,False
159,croconaw,water,,11,250,65,80,80,59,63,58,405,False
160,feraligatr,water,,23,888,85,105,100,79,83,78,530,False
161,sentret,normal,,8,60,35,46,34,35,45,20,215,False
162,furret,normal,,18,325,85,76,64,45,55,90,415,False
163,hoothoot,normal,flying,7,212,60,30,30,36,56,50,262,False
164,noctowl,normal,flying,16,408,100,50,50,86,96,70,452,False
165,ledyba,bug,flying,10,108,40,20,30,40,80,55,265,False
166,ledian,bug,flying,14,356,55,35,50,55,110,85,390,False
167,spinarak,bug,poison,5,85,40,60,40,40,40,30,250,False
168,ariados,bug,poison,11,335,70,90,70,60,70,40,400,False
169,crobat,poison,flying,18,750,85,90,80,70,80,130,535,False
170,chinchou,water,electric,5,120,75,38,38,56,56,67,330,False
171,lanturn,water,electric,12,225,125,58,58,76,76,67,460,False
172,pichu,electric,,3,20,20,40,15,35,35,60,205,False
173,cleffa,fairy,,3,30,50,25,28,45,55,15,218,False
174,igglybuff,normal,fairy,3,10,90,30,15,40,20,15,210,False
175,togepi,fairy,,3,15,35,20,65,40,65,20,245,False
176,togetic,fairy,flying,6,32,55,40,85,80,105,40,405,False
177,natu,psychic,flying,2,20,40,50,45,70,45,70,320,False
178,xatu,psychic,flying,15,150,65,75,70,95,70,95,470,False
179,mareep,electric,,6,78,55,40,40,65,45,35,280,False
180,flaaffy,electric,,8,133,70,55,55,80,60,45,365,False
181,ampharos,electric,,14,615,90,75,85,115,90,55,510,False
182,bellossom,grass,,4,58,75,80,95,90,100,50,490,False
183,marill,water,fairy,4,85,70,20,50,20,50,40,250,False
184,azumarill,water,fairy,8,285,100,50,80,60,80,50,420,False
185,sudowoodo,rock,,12,380,70,100,115,30,65,30,410,False
186,politoed,water,,11,339,90,75,75,90,100,70,500,False
187,hoppip,grass,flying,4,5,35,35,40,35,55,50,250,False
188,skiploom,grass,flying,6,10,55,45,50,45,65,80,340,False
189,jumpluff,grass,flying,8,30,75,55,70,55,95,110,460,False
190,aipom,normal,,8,115,55,70,55,40,55,85,360,False
191,sunkern,grass,,3,18,30,30,30,30,30,30,180,False
192,sunflora,grass,,8,85,75,75,55,105,85,30,425,False
193,yanma,bug,flying,12,380,65,65,45,75,45,95,390,False
194,wooper,water,ground,4,85,55,45,45,25,25,15,210,False
195,quagsire,water,ground,14,750,95,85,85,65,65,35,430,False
196,espeon,psychic,,9,265,65,65,60,130,95,110,525,False
197,umbreon,dark,,10,270,95,65,110,60,130,65,525,False
198,murkrow,dark,flying,5,21,60,85,42,85,42,91,405,False
199,slowking,water,psychic,20,795,95,75,80,100,110,30,490,False
200,misdreavus,ghost,,7,10,60,60,60,85,85,85,435,False
201,unown,psychic,,5,50,48,72,48,72,48,48,336,False
202,wobbuffet,psychic,,13,285,190,33,58,33,58,33,405,False
203,girafarig,normal,psychic,15,415,70,80,65,90,65,85,455,False
204,pineco,bug,,6,72,50,65,90,35,35,15,290,False
205,forretress,bug,steel,12,1258,75,90,140,60,60,40,465,False
206,dunsparce,normal,,15,140,100,70,70,65,65,45,415,False
207,gligar,ground,flying,11,648,65,75,105,35,65,85,430,False
208,steelix,steel,ground,92,4000,75,85,200,55,65,30,510,False
209,snubbull,fairy,,6,78,60,80,50,40,40,30,300,False
210,granbull,fairy,,14,487,90,120,75,60,60,45,450,False
211,qwilfish,water,poison,5,39,65,95,85,55,55,85,440,False
212,scizor,bug,steel,18,1180,70,130,100,55,80,65,500,False
213,shuckle,bug,rock,6,205,20,10,230,10,230,5,505,False
214,heracross,bug,fighting,15,540,80,125,75,40,95,85,500,False
215,sneasel,dark,ice,9,280,55,95,55,35,75,115,430,False
216,teddiursa,normal,,6,88,60,80,50,50,50,40,330,False
217,ursaring,normal,,18,1258,90,130,75,75,75,55,500,False
218,slugma,fire,,7,350,40,40,40,70,40,20,250,False
219,magcargo,fire,rock,8,550,60,50,120,90,80,30,430,False
220,swinub,ice,ground,4,65,50,50,40,30,30,50,250,False
221,piloswine,ice,ground,11,558,100,100,80,60,60,50,450,False
222,corsola,water,rock,6,50,65,55,95,65,95,35,410,False
223,remoraid,water,,6,120,35,65,35,65,35,65,300,False
224,octillery,water,,9,285,75,105,75,105,75,45,480,False
225,delibird,ice,flying,9,160,45,55,45,65,45,75,330,False
226,mantine,water,flying,21,2200,85,40,70,80,140,70,485,False
227,skarmory,steel,flying,17,505,65,80,140,40,70,70,465,False
228,houndour,dark,fire,6,108,45,60,30,80,50,65,330,False
229,houndoom,dark,fire,14,350,75,90,50,110,80,95,500,False
230,kingdra,water,dragon,18,1520,75,95,95,95,95,85,540,False
231,phanpy,ground,,5,335,90,60,60,40,40,40,330,False
232,donphan,ground,,11,1200,90,120,120,60,60,50,500,False
233,porygon2,normal,,6,325,85,80,90,105,95,60,515,False
234,stantler,normal,,14,712,73,95,62,85,65,85,465,False
235,smeargle,normal,,12,580,55,20,35,20,45,75,250,False
236,tyrogue,fighting,,7,210,35,35,35,35,35,35,210,False
237,hitmontop,fighting,,14,480,50,95,95,35,110,70,455,False
238,smoochum,ice,psychic,4,60,45,30,15,85,65,65,305,False
239,elekid,electric,,6,235,45,63,37,65,55,95,360,False
240,magby,fire,,7,214,45,75,37,70,55,83,365,False
241,miltank,normal,,12,755,95,80,105,40,70,100,490,False
242,blissey,normal,,15,468,255,10,10,75,135,55,540,False
243,raikou,electric,,19,1780,90,85,75,115,100,115,580,True
244,entei,fire,,21,1980,115,115,85,90,75,100,580,True
245,suicune,water,,20,1870,100,75,115,90,115,85,580,True
246,larvitar,rock,ground,6,720,50,64,50,45,50,41,300,False
247,pupitar,rock,ground,12,1520,70,84,70,65,70,51,410,False
248,tyranitar,rock,dark,20,2020,100,134,110,95,100,61,600,False
249,lugia,psychic,flying,52,2160,106,90,130,90,154,110,680,True
250,ho-oh,fire,flying,38,1990,106,130,90,110,154,90,680,True
251,celebi,psychic,grass,6,50,100,100,100,100,100,100,600,True
252,treecko,grass,,5,50,40,45,35,65,55,70,310,False
253,grovyle,grass,,9,216,50,65,45,85,65,95,405,False
254,sceptile,grass,,17,522,70,85,65,105,85,120,530,False
255,torchic,fire,,4,25,45,60,40,70,50,45,310,False
256,combusken,fire,fighting,9,195,60,85,60,85,60,55,405,False
257,blaziken,fire,fighting,19,520,80,120,70,110,70,80,530,False
258,mudkip,water,,4,76,50,70,50,50,50,40,310,False
259,marshtomp,water,ground,7,280,70,85,70,60,70,50,405,False
260,swampert,water,ground,15,819,100,110,90,85,90,60,535,False
261,poochyena,dark,,5,136,35,55,35,30,30,35,220,False
262,mightyena,dark,,10,370,70,90,70,60,60,70,420,False
263,zigzagoon,normal,,4,175,38,30,41,30,41,60,240,False
264,linoone,normal,,5,325,78,70,61,50,61,100,420,False
265,wurmple,bug,,3,36,45,45,35,20,30,20,195,False
266,silcoon,bug,,6,100,50,35,55,25,25,15,205,False
267,beautifly,bug,flying,10,284,60,70,50,100,50,65,395,False
268,cascoon,bug,,7,115,50,35,55,25,25,15,205,False
269,dustox,bug,poison,12,316,60,50,70,50,90,65,385,False
270,lotad,water,grass,5,26,40,30,30,40,50,30,220,False
271,lombre,water,grass,12,325,60,50,50,60,70,50,340,False
272,ludicolo,water,grass,15,550,80,70,70,90,100,70,480,False
273,seedot,grass,,5,40,40,40,50,30,30,30,220,False
274,nuzleaf,grass,dark,10,280,70,70,40,60,40,60,340,False
275,shiftry,grass,dark,13,596,90,100,60,90,60,80,480,False
276,taillow,normal,flying,3,23,40,55,30,30,30,85,270,False
277,swellow,normal,flying,7,198,60,85,60,75,50,125,455,False
278,wingull,water,flying,6,95,40,30,30,55,30,85,270,False
279,pelipper,water,flying,12,280,60,50,100,95,70,65,440,False
280,ralts,psychic,fairy,4,66,28,25,25,45,35,40,198,False
281,kirlia,psychic,fairy,8,202,38,35,35,65,55,50,278,False
282,gardevoir,psychic,fairy,16,484,68,65,65,125,115,80,518,False
283,surskit,bug,water,5,17,40,30,32,50,52,65,269,False
284,masquerain,bug,flying,8,36,70,60,62,100,82,80,454,False
285,shroomish,grass,,4,45,60,40,60,40,60,35,295,False
286,breloom,grass,fighting,12,392,60,130,80,60,60,70,460,False
287,slakoth,normal,,8,240,60,60,60,35,35,30,280,False
288,vigoroth,normal,,14,465,80,80,80,55,55,90,440,False
289,slaking,normal,,20,1305,150,160,100,95,65,100,670,False
290,nincada,bug,ground,5,55,31,45,90,30,30,40,266,False
291,ninjask,bug,flying,8,120,61,90,45,50,50,160,456,False
292,shedinja,bug,ghost,8,12,1,90,45,30,30,40,236,False
293,whismur,normal,,6,163,64,51,23,51,23,28,240,False
294,loudred,normal,,10,405,84,71,43,71,43,48,360,False
295,exploud,normal,,15,840,104,91,63,91,73,68,490,False
296,makuhita,fighting,,10,864,72,60,30,20,30,25,237,False
297,hariyama,fighting,,23,2538,144,120,60,40,60,50,474,False
298,azurill,normal,fairy,2,20,50,20,40,20,40,20,190,False
299,nosepass,rock,,10,970,30,45,135,45,90,30,375,False
300,skitty,normal,,6,110,50,45,45,35,35,50,260,False
301,delcatty,normal,,11,326,70,65,65,55,55,90,400,False
302,sableye,dark,ghost,5,110,50,75,75,65,65,50,380,False
303,mawile,steel,fairy,6,115,50,85,85,55,55,50,380,False
304,aron,steel,rock,4,600,50,70,100,40,40,30,330,False
305,lairon,steel,rock,9,1200,60,90,140,50,50,40,430,False
306,aggron,steel,rock,21,3600,70,110,180,60,60,50,530,False
307,meditite,fighting,psychic,6,112,30,40,55,40,55,60,280,False
308,medicham,fighting,psychic,13,315,60,60,75,60,75,80,410,False
309,electrike,electric,,6,152,40,45,40,65,40,65,295,False
310,manectric,electric,,15,402,70,75,60,105,60,105,475,False
311,plusle,electric,,4,42,60,50,40,85,75,95,405,False
312,minun,electric,,4,42,60,40,50,75,85,95,405,False
313,volbeat,bug,,7,177,65,73,75,47,85,85,430,False
314,illumise,bug,,6,177,65,47,75,73,85,85,430,False
315,roselia,grass,poison,3,20,50,60,45,100,80,65,400,False
316,gulpin,poison,,4,103,70,43,53,43,53,40,302,False
317,swalot,poison,,17,800,100,73,83,73,83,55,467,False
318,carvanha,water,dark,8,208,45,90,20,65,20,65,305,False
319,sharpedo,water,dark,18,888,70,120,40,95,40,95,460,False
320,wailmer,water,,20,1300,130,70,35,70,35,60,400,False
321,wailord,water,,145,3980,170,90,45,90,45,60,500,False
322,numel,fire,ground,7,240,60,60,40,65,45,35,305,False
323,camerupt,fire,ground,19,2200,70,100,70,105,75,40,460,False
324,torkoal,fire,,5,804,70,85,140,85,70,20,470,False
325,spoink,psychic,,7,306,60,25,35,70,80,60,330,False
326,grumpig,psychic,,9,715,80,45,65,90,110,80,470,False
327,spinda,normal,,11,50,60,60,60,60,60,60,360,False
328,trapinch,ground,,7,150,45,100,45,45,45,10,290,False
329,vibrava,ground,dragon,11,153,50,70,50,50,50,70,340,False
330,flygon,ground,dragon,20,820,80,100,80,80,80,100,520,False
331,cacnea,grass,,4,513,50,85,40,85,40,35,335,False
332,cacturne,grass,dark,13,774,70,115,60,115,60,55,475,False
333,swablu,normal,flying,4,12,45,40,60,40,75,50,310,False
334,altaria,dragon,flying,11,206,75,70,90,70,105,80,490,False
335,zangoose,normal,,13,403,73,115,60,60,60,90,458,False
336,seviper,poison,,27,525,73,100,60,100,60,65,458,False
337,lunatone,rock,psychic,10,1680,90,55,65,95,85,70,460,False
338,solrock,rock,psychic,12,1540,90,95,85,55,65,70,460,False
339,barboach,water,ground,4,19,50,48,43,46,41,60,288,False
340,whiscash,water,ground,9,236,110,78,73,76,71,60,468,False
341,corphish,water,,6,115,43,80,65,50,35,35,308,False
342,crawdaunt,water,dark,11,328,63,120,85,90,55,55,468,False
343,baltoy,ground,psychic,5,215,40,40,55,40,70,55,300,False
344,claydol,ground,psychic,15,1080,60,70,105,70,120,75,500,False
345,lileep,rock,grass,10,238,66,41,77,61,87,23,355,False
346,cradily,rock,grass,15,604,86,81,97,81,107,43,495,False
347,anorith,rock,bug,7,125,45,95,50,40,50,75,355,False
348,armaldo,rock,bug,15,682,75,125,100,70,80,45,495,False
349,feebas,water,,6,74,20,15,20,10,55,80,200,False
350,milotic,water,,62,1620,95,60,79,100,125,81,540,False
351,castform,normal,,3,8,70,70,70,70,70,70,420,False
352,kecleon,normal,,10,220,60,90,70,60,120,40,440,False
353,shuppet,ghost,,6,23,44,75,35,63,33,45,295,False
354,banette,ghost,,11,125,64,115,65,83,63,65,455,False
355,duskull,ghost,,8,150,20,40,90,30,90,25,295,False
356,dusclops,ghost,,16,306,40,70,130,60,130,25,455,False
357,tropius,grass,flying,20,1000,99,68,83,72,87,51,460,False
358,chimecho,psychic,,6,10,75,50,80,95,90,65,455,False
359,absol,dark,,12,470,65,130,60,75,60,75,465,False
360,wynaut,psychic,,6,140,95,23,48,23,48,23,260,False
361,snorunt,ice,,7,168,50,50,50,50,50,50,300,False
362,glalie,ice,,15,2565,80,80,80,80,80,80,480,False
363,spheal,ice,water,8,395,70,40,50,55,50,25,290,False
364,sealeo,ice,water,11,876,90,60,70,75,70,45,410,False
365,walrein,ice,water,14,1506,110,80,90,95,90,65,530,False
366,clamperl,water,,4,525,35,64,85,74,55,32,345,False
367,huntail,water,,17,270,55,104,105,94,75,52,485,False
368,gorebyss,water,,18,226,55,84,105,114,75,52,485,False
369,relicanth,water,rock,10,234,100,90,130,45,65,55,485,False
370,luvdisc,water,,6,87,43,30,55,40,65,97,330,False
371,bagon,dragon,,6,421,45,75,60,40,30,50,300,False
372,shelgon,dragon,,11,1105,65,95,100,60,50,50,420,False
373,salamence,dragon,flying,15,1026,95,135,80,110,80,100,600,False
374,beldum,steel,psychic,6,952,40,55,80,35,60,30,300,False
375,metang,steel,psychic,12,2025,60,75,100,55,80,50,420,False
376,metagross,steel,psychic,16,5500,80,135,130,95,90,70,600,False
377,regirock,rock,,17,2300,80,100,200,50,100,50,580,True
378,regice,ice,,18,1750,80,50,100,100,200,50,580,True
379,registeel,steel,,19,2050,80,75,150,75,150,50,580,True
380,latias,dragon,psychic,14,400,80,80,90,110,130,110,600,True
381,latios,dragon,psychic,20,600,80,90,80,130,110,110,600,True
382,kyogre,water,,45,3520,100,100,90,150,140,90,670,True
383,groudon,ground,,35,9500,100,150,140,100,90,90,670,True
384,rayquaza,dragon,flying,70,2065,105,150,90,150,90,95,680,True
385,jirachi,steel,psychic,3,11,100,100,100,100,100,100,600,True
386,deoxys-normal,psychic,,17,608,50,150,50,150,50,150,600,True
387,turtwig,grass,,4,102,55,68,64,45,55,31,318,False
388,grotle,grass,,11,970,75,89,85,55,65,36,405,False
389,torterra,grass,ground,22,3100,95,109,105,75,85,56,525,False
390,chimchar,fire,,5,62,44,58,44,58,44,61,309,False
391,monferno,fire,fighting,9,220,64,78,52,78,52,81,405,False
392,infernape,fire,fighting,12,550,76,104,71,104,71,108,534,False
393,piplup,water,,4,52,53,51,53,61,56,40,314,False
394,prinplup,water,,8,230,64,66,68,81,76,50,405,False
395,empoleon,water,steel,17,845,84,86,88,111,101,60,530,False
396,starly,normal,flying,3,20,40,55,30,30,30,60,245,False
397,staravia,normal,flying,6,155,55,75,50,40,40,80,340,False
398,staraptor,normal,flying,12,249,85,120,70,50,60,100,485,False
399,bidoof,normal,,5,200,59,45,40,35,40,31,250,False
400,bibarel,normal,water,10,315,79,85,60,55,60,71,410,False
401,kricketot,bug,,3,22,37,25,41,25,41,25,194,False
402,kricketune,bug,,10,255,77,85,51,55,51,65,384,False
403,shinx,electric,,5,95,45,65,34,40,34,45,263,False
404,luxio,electric,,9,305,60,85,49,60,49,60,363,False
405,luxray,electric,,14,420,80,120,79,95,79,70,523,False
406,budew,grass,poison,2,12,40,30,35,50,70,55,280,False
407,roserade,grass,poison,9,145,60,70,65,125,105,90,515,False
408,cranidos,rock,,9,315,67,125,40,30,30,58,350,False
409,rampardos,rock,,16,1025,97,165,60,65,50,58,495,False
410,shieldon,rock,steel,5,570,30,42,118,42,88,30,350,False
411,bastiodon,rock,steel,13,1495,60,52,168,47,138,30,495,False
412,burmy,bug,,2,34,40,29,45,29,45,36,224,False
413,wormadam-plant,bug,grass,5,65,60,59,85,79,105,36,424,False
414,mothim,bug,flying,9,233,70,94,50,94,50,66,424,False
415,combee,bug,flying,3,55,30,30,42,30,42,70,244,False
416,vespiquen,bug,flying,12,385,70,80,102,80,102,40,474,False
417,pachirisu,electric,,4,39,60,45,70,45,90,95,405,False
418,buizel,water,,7,295,55,65,35,60,30,85,330,False
419,floatzel,water,,11,335,85,105,55,85,50,115,495,False
420,cherubi,grass,,4,33,45,35,45,62,53,35,275,False
421,cherrim,grass,,5,93,70,60,70,87,78,85,450,False
422,shellos,water,,3,63,76,48,48,57,62,34,325,False
423,gastrodon,water,ground,9,299,111,83,68,92,82,39,475,False
424,ambipom,normal,,12,203,75,100,66,60,66,115,482,False
425,drifloon,ghost,flying,4,12,90,50,34,60,44,70,348,False
426,drifblim,ghost,flying,12,150,150,80,44,90,54,80,498,False
427,buneary,normal,,4,55,55,66,44,44,56,85,350,False
428,lopunny,normal,,12,333,65,76,84,54,96,105,480,False
429,mismagius,ghost,,9,44,60,60,60,105,105,105,495,False
430,honchkrow,dark,flying,9,273,100,125,52,105,52,71,505,False
431,glameow,normal,,5,39,49,55,42,42,37,85,310,False
432,purugly,normal,,10,438,71,82,64,64,59,112,452,False
433,chingling,psychic,,2,6,45,30,50,65,50,45,285,False
434,stunky,poison,dark,4,192,63,63,47,41,41,74,329,False
435,skuntank,poison,dark,10,380,103,93,67,71,61,84,479,False
436,bronzor,steel,psychic,5,605,57,24,86,24,86,23,300,False
437,bronzong,steel,psychic,13,1870,67,89,116,79,116,33,500,False
438,bonsly,rock,,5,150,50,80,95,10,45,10,290,False
439,mime-jr,psychic,fairy,6,130,20,25,45,70,90,60,310,False
440,happiny,normal,,6,244,100,5,5,15,65,30,220,False
441,chatot,normal,flying,5,19,76,65,45,92,42,91,411,False
442,spiritomb,ghost,dark,10,1080,50,92,108,92,108,35,485,False
443,gible,dragon,ground,7,205,58,70,45,40,45,42,300,False
444,gabite,dragon,ground,14,560,68,90,65,50,55,82,410,False
445,garchomp,dragon,ground,19,950,108,130,95,80,85,102,600,False
446,munchlax,normal,,6,1050,135,85,40,40,85,5,390,False
447,riolu,fighting,,7,202,40,70,40,35,40,60,285,False
448,lucario,fighting,steel,12,540,70,110,70,115,70,90,525,False
449,hippopotas,ground,,8,495,68,72,78,38,42,32,330,False
450,hippowdon,ground,,20,3000,108,112,118,68,72,47,525,False
451,skorupi,poison,bug,8,120,40,50,90,30,55,65,330,False
452,drapion,poison,dark,13,615,70,90,110,60,75,95,500,False
453,croagunk,poison,fighting,7,230,48,61,40,61,40,50,300,False
454,toxicroak,poison,fighting,13,444,83,106,65,86,65,85,490,False
455,carnivine,grass,,14,270,74,100,72,90,72,46,454,False
456,finneon,water,,4,70,49,49,56,49,61,66,330,False
457,lumineon,water,,12,240,69,69,76,69,86,91,460,False
458,mantyke,water,flying,10,650,45,20,50,60,120,50,345,False
459,snover,grass,ice,10,505,60,62,50,62,60,40,334,False
460,abomasnow,grass,ice,22,1355,90,92,75,92,85,60,494,False
461,weavile,dark,ice,11,340,70,120,65,45,85,125,510,False
462,magnezone,electric,steel,12,1800,70,70,115,130,90,60,535,False
463,lickilicky,normal,,17,1400,110,85,95,80,95,50,515,False
464,rhyperior,ground,rock,24,2828,115,140,130,55,55,40,535,False
465,tangrowth,grass,,20,1286,100,100,125,110,50,50,535,False
466,electivire,electric,,18,1386,75,123,67,95,85,95,540,False
467,magmortar,fire,,16,680,75,95,67,125,95,83,540,False
468,togekiss,fairy,flying,15,380,85,50,95,120,115,80,545,False
469,yanmega,bug,flying,19,515,86,76,86,116,56,95,515,False
470,leafeon,grass,,10,255,65,110,130,60,65,95,525,False
471,glaceon,ice,,8,259,65,60,110,130,95,65,525,False
472,gliscor,ground,flying,20,425,75,95,125,45,75,95,510,False
473,mamoswine,ice,ground,25,2910,110,130,80,70,60,80,530,False
474,porygon-z,normal,,9,340,85,80,70,135,75,90,535,False
475,gallade,psychic,fighting,16,520,68,125,65,65,115,80,518,False
476,probopass,rock,steel,14,3400,60,55,145,75,150,40,525,False
477,dusknoir,ghost,,22,1066,45,100,135,65,135,45,525,False
478,froslass,ice,ghost,13,266,70,80,70,80,70,110,480,False
479,rotom,electric,ghost,3,3,50,50,77,95,77,91,440,False
480,uxie,psychic,,3,3,75,75,130,75,130,95,580,True
481,mesprit,psychic,,3,3,80,105,105,105,105,80,580,True
482,azelf,psychic,,3,3,75,125,70,125,70,115,580,True
483,dialga,steel,dragon,54,6830,100,120,120,150,100,90,680,True
484,palkia,water,dragon,42,3360,90,120,100,150,120,100,680,True
485,heatran,fire,steel,17,4300,91,90,106,130,106,77,600,True
486,regigigas,normal,,37,4200,110,160,110,80,110,100,670,True
487,giratina-altered,ghost,dragon,45,7500,150,100,120,100,120,90,680,True
488,cresselia,psychic,,15,856,120,70,110,75,120,85,580,True
489,phione,water,,4,31,80,80,80,80,80,80,480,True
490,manaphy,water,,3,14,100,100,100,100,100,100,600,True
491,darkrai,dark,,15,505,70,90,90,135,90,125,600,True
492,shaymin-land,grass,,2,21,100,100,100,100,100,100,600,True
493,arceus,normal,,32,3200,120,120,120,120,120,120,720,True
494,victini,psychic,fire,4,40,100,100,100,100,100,100,600,True
495,snivy,grass,,6,81,45,45,55,45,55,63,308,False
496,servine,grass,,8,160,60,60,75,60,75,83,413,False
497,serperior,grass,,33,630,75,75,95,75,95,113,528,False
498,tepig,fire,,5,99,65,63,45,45,45,45,308,False
499,pignite,fire,fighting,10,555,90,93,55,70,55,55,418,False
500,emboar,fire,fighting,16,1500,110,123,65,100,65,65,528,False
501,oshawott,water,,5,59,55,55,45,63,45,45,308,False
502,dewott,water,,8,245,75,75,60,83,60,60,413,False
503,samurott,water,,15,946,95,100,85,108,70,70,528,False
504,patrat,normal,,5,116,45,55,39,35,39,42,255,False
505,watchog,normal,,11,270,60,85,69,60,69,77,420,False
506,lillipup,normal,,4,41,45,60,45,25,45,55,275,False
507,herdier,normal,,9,147,65,80,65,35,65,60,370,False
508,stoutland,normal,,12,610,85,110,90,45,90,80,500,False
509,purrloin,dark,,4,101,41,50,37,50,37,66,281,False
510,liepard,dark,,11,375,64,88,50,88,50,106,446,False
511,pansage,grass,,6,105,50,53,48,53,48,64,316,False
512,simisage,grass,,11,305,75,98,63,98,63,101,498,False
513,pansear,fire,,6,110,50,53,48,53,48,64,316,False
514,simisear,fire,,10,280,75,98,63,98,63,101,498,False
515,panpour,water,,6,135,50,53,48,53,48,64,316,False
516,simipour,water,,10,290,75,98,63,98,63,101,498,False
517,munna,psychic,,6,233,76,25,45,67,55,24,292,False
518,musharna,psychic,,11,605,116,55,85,107,95,29,487,False
519,pidove,normal,flying,3,21,50,55,50,36,30,43,264,False
520,tranquill,normal,flying,6,150,62,77,62,50,42,65,358,False
521,unfezant,normal,flying,12,290,80,115,80,65,55,93,488,False
522,blitzle,electric,,8,298,45,60,32,50,32,76,295,False
523,zebstrika,electric,,16,795,75,100,63,80,63,116,497,False
524,roggenrola,rock,,4,180,55,75,85,25,25,15,280,False
525,boldore,rock,,9,1020,70,105,105,50,40,20,390,False
527,woobat,psychic,flying,4,21,65,45,43,55,43,72,323,False
528,swoobat,psychic,flying,9,105,67,57,55,77,55,114,425,False
529,drilbur,ground,,3,85,60,85,40,30,45,68,328,False
530,excadrill,ground,steel,7,404,110,135,60,50,65,88,508,False
531,audino,normal,,11,310,103,60,86,60,86,50,445,False
532,timburr,fighting,,6,125,75,80,55,25,35,35,305,False
533,gurdurr,fighting,,12,400,85,105,85,40,50,40,405,False
534,conkeldurr,fighting,,14,870,105,140,95,55,65,45,505,False
535,tympole,water,,5,45,50,50,40,50,40,64,294,False
536,palpitoad,water,ground,8,170,75,65,55,65,55,69,384,False
537,seismitoad,water,ground,15,620,105,95,75,85,75,74,509,False
538,throh,fighting,,13,555,120,100,85,30,85,45,465,False
539,sawk,fighting,,14,510,75,125,75,30,75,85,465,False
540,sewaddle,bug,grass,3,25,45,53,70,40,60,42,310,False
541,swadloon,bug,grass,5,73,55,63,90,50,80,42,380,False
542,leavanny,bug,grass,12,205,75,103,80,70,80,92,500,False
543,venipede,bug,poison,4,53,30,45,59,30,39,57,260,False
544,whirlipede,bug,poison,12,585,40,55,99,40,79,47,360,False
545,scolipede,bug,poison,25,2005,60,100,89,55,69,112,485,False
546,cottonee,grass,fairy,3,6,40,27,60,37,50,66,280,False
547,whimsicott,grass,fairy,7,66,60,67,85,77,75,116,480,False
548,petilil,grass,,5,66,45,35,50,70,50,30,280,False
549,lilligant,grass,,11,163,70,60,75,110,75,90,480,False
550,basculin-red-striped,water,,10,180,70,92,65,80,55,98,460,False
551,sandile,ground,dark,7,152,50,72,35,35,35,65,292,False
552,krokorok,ground,dark,10,334,60,82,45,45,45,74,351,False
553,krookodile,ground,dark,15,963,95,117,80,65,70,92,519,False
554,darumaka,fire,,6,375,70,90,45,15,45,50,315,False
555,darmanitan-standard,fire,,13,929,105,140,55,30,55,95,480,False
556,maractus,grass,,10,280,75,86,67,106,67,60,461,False
557,dwebble,bug,rock,3,145,50,65,85,35,35,55,325,False
558,crustle,bug,rock,14,2000,70,105,125,65,75,45,485,False
559,scraggy,dark,fighting,6,118,50,75,70,35,70,48,348,False
560,scrafty,dark,fighting,11,300,65,90,115,45,115,58,488,False
561,sigilyph,psychic,flying,14,140,72,58,80,103,80,97,490,False
562,yamask,ghost,,5,15,38,30,85,55,65,30,303,False
563,cofagrigus,ghost,,17,765,58,50,145,95,105,30,483,False
564,tirtouga,water,rock,7,165,54,78,103,53,45,22,355,False
565,carracosta,water,rock,12,810,74,108,133,83,65,32,495,False
566,archen,rock,flying,5,95,55,112,45,74,45,70,401,False
567,archeops,rock,flying,14,320,75,140,65,112,65,110,567,False
568,trubbish,poison,,6,310,50,50,62,40,62,65,329,False
569,garbodor,poison,,19,1073,80,95,82,60,82,75,474,False
570,zorua,dark,,7,125,40,65,40,80,40,65,330,False
571,zoroark,dark,,16,811,60,105,60,120,60,105,510,False
572,minccino,normal,,4,58,55,50,40,40,40,75,300,False
573,cinccino,normal,,5,75,75,95,60,65,60,115,470,False
574,gothita,psychic,,4,58,45,30,50,55,65,45,290,False
575,gothorita,psychic,,7,180,60,45,70,75,85,55,390,False
576,gothitelle,psychic,,15,440,70,55,95,95,110,65,490,False
577,solosis,psychic,,3,10,45,30,40,105,50,20,290,False
578,duosion,psychic,,6,80,65,40,50,125,60,30,370,False
579,reuniclus,psychic,,10,201,110,65,75,125,85,30,490,False
580,ducklett,water,flying,5,55,62,44,50,44,50,55,305,False
581,swanna,water,flying,13,242,75,87,63,87,63,98,473,False
582,vanillite,ice,,4,57,36,50,50,65,60,44,305,False
583,vanillish,ice,,11,410,51,65,65,80,75,59,395,False
584,vanilluxe,ice,,13,575,71,95,85,110,95,79,535,False
585,deerling,normal,grass,6,195,60,60,50,40,50,75,335,False
586,sawsbuck,normal,grass,19,925,80,100,70,60,70,95,475,False
587,emolga,electric,flying,4,50,55,75,60,75,60,103,428,False
588,karrablast,bug,,5,59,50,75,45,40,45,60,315,False
589,escavalier,bug,steel,10,330,70,135,105,60,105,20,495,False
590,foongus,grass,poison,2,10,69,55,45,55,55,15,294,False
591,amoonguss,grass,poison,6,105,114,85,70,85,80,30,464,False
592,frillish,water,ghost,12,330,55,40,50,65,85,40,335,False
593,jellicent,water,ghost,22,1350,100,60,70,85,105,60,480,False
594,alomomola,water,,12,316,165,75,80,40,45,65,470,False
595,joltik,bug,electric,1,6,50,47,50,57,50,65,319,False
596,galvantula,bug,electric,8,143,70,77,60,97,60,108,472,False
597,ferroseed,grass,steel,6,188,44,50,91,24,86,10,305,False
598,ferrothorn,grass,steel,10,1100,74,94,131,54,116,20,489,False
599,klink,steel,,3,210,40,55,70,45,60,30,300,False
600,klang,steel,,6,510,60,80,95,70,85,50,440,False
601,klinklang,steel,,6,810,60,100,115,70,85,90,520,False
602,tynamo,electric,,2,3,35,55,40,45,40,60,275,False
603,eelektrik,electric,,12,220,65,85,70,75,70,40,405,False
604,eelektross,electric,,21,805,85,115,80,105,80,50,515,False
605,elgyem,psychic,,5,90,55,55,55,85,55,30,335,False
606,beheeyem,psychic,,10,345,75,75,75,125,95,40,485,False
607,litwick,ghost,fire,3,31,50,30,55,65,55,20,275,False
608,lampent,ghost,fire,6,130,60,40,60,95,60,55,370,False
609,chandelure,ghost,fire,10,343,60,55,90,145,90,80,520,False
610,axew,dragon,,6,180,46,87,60,30,40,57,320,False
611,fraxure,dragon,,10,360,66,117,70,40,50,67,410,False
612,haxorus,dragon,,18,1055,76,147,90,60,70,97,540,False
613,cubchoo,ice,,5,85,55,70,40,60,40,40,305,False
614,beartic,ice,,26,2600,95,130,80,70,80,50,505,False
615,cryogonal,ice,,11,1480,80,50,50,95,135,105,515,False
616,shelmet,bug,,4,77,50,40,85,40,65,25,305,False
617,accelgor,bug,,8,253,80,70,40,100,60,145,495,False
618,stunfisk,ground,electric,7,110,109,66,84,81,99,32,471,False
619,mienfoo,fighting,,9,200,45,85,50,55,50,65,350,False
620,mienshao,fighting,,14,355,65,125,60,95,60,105,510,False
621,druddigon,dragon,,16,1390,77,120,90,60,90,48,485,False
622,golett,ground,ghost,10,920,59,74,50,35,50,35,303,False
623,golurk,ground,ghost,28,3300,89,124,80,55,80,55,483,False
624,pawniard,dark,steel,5,102,45,85,70,40,40,60,340,False
625,bisharp,dark,steel,16,700,65,125,100,60,70,70,490,False
626,bouffalant,normal,,16,946,95,110,95,40,95,55,490,False
627,rufflet,normal,flying,5,105,70,83,50,37,50,60,350,False
628,braviary,normal,flying,15,410,100,123,75,57,75,80,510,False
629,vullaby,dark,flying,5,90,70,55,75,45,65,60,370,False
630,mandibuzz,dark,flying,12,395,110,65,105,55,95,80,510,False
631,heatmor,fire,,14,580,85,97,66,105,66,65,484,False
632,durant,bug,steel,3,330,58,109,112,48,48,109,484,False
633,deino,dark,dragon,8,173,52,65,50,45,50,38,300,False
634,zweilous,dark,dragon,14,500,72,85,70,65,70,58,420,False
635,hydreigon,dark,dragon,18,1600,92,105,90,125,90,98,600,False
636,larvesta,bug,fire,11,288,55,85,55,50,55,60,360,False
637,volcarona,bug,fire,16,460,85,60,65,135,105,100,550,False
638,cobalion,steel,fighting,21,2500,91,90,129,90,72,108,580,True
639,terrakion,rock,fighting,19,2600,91,129,90,72,90,108,580,True
640,virizion,grass,fighting,20,2000,91,90,72,90,129,108,580,True
641,tornadus-incarnate,flying,,15,630,79,115,70,125,80,111,580,True
642,thundurus-incarnate,electric,flying,15,610,79,115,70,125,80,111,580,True
643,reshiram,dragon,fire,32,3300,100,120,100,150,120,90,680,True
644,zekrom,dragon,electric,29,3450,100,150,120,120,100,90,680,True
645,landorus-incarnate,ground,flying,15,680,89,125,90,115,80,101,600,True
646,kyurem,dragon,ice,30,3250,125,130,90,130,90,95,660,True
647,keldeo-ordinary,water,fighting,14,485,91,72,90,129,90,108,580,True
648,meloetta-aria,normal,psychic,6,65,100,77,77,128,128,90,600,True
649,genesect,bug,steel,15,825,71,120,95,120,95,99,600,True
650,chespin,grass,,4,90,56,61,65,48,45,38,313,False
651,quilladin,grass,,7,290,61,78,95,56,58,57,405,False
652,chesnaught,grass,fighting,16,900,88,107,122,74,75,64,530,False
653,fennekin,fire,,4,94,40,45,40,62,60,60,307,False
654,braixen,fire,,10,145,59,59,58,90,70,73,409,False
655,delphox,fire,psychic,15,390,75,69,72,114,100,104,534,False
656,froakie,water,,3,70,41,56,40,62,44,71,314,False
657,frogadier,water,,6,109,54,63,52,83,56,97,405,False
658,greninja,water,dark,15,400,72,95,67,103,71,122,530,False
659,bunnelby,normal,,4,50,38,36,38,32,36,57,237,False
660,diggersby,normal,ground,10,424,85,56,77,50,77,78,423,False
661,fletchling,normal,flying,3,17,45,50,43,40,38,62,278,False
662,fletchinder,fire,flying,7,160,62,73,55,56,52,84,382,False
663,talonflame,fire,flying,12,245,78,81,71,74,69,126,499,False
664,scatterbug,bug,,3,25,38,35,40,27,25,35,200,False
665,spewpa,bug,,3,84,45,22,60,27,30,29,213,False
666,vivillon,bug,flying,12,170,80,52,50,90,50,89,411,False
667,litleo,fire,normal,6,135,62,50,58,73,54,72,369,False
668,pyroar,fire,normal,15,815,86,68,72,109,66,106,507,False
669,flabebe,fairy,,1,1,44,38,39,61,79,42,303,False
670,floette,fairy,,2,9,54,45,47,75,98,52,371,False
671,florges,fairy,,11,100,78,65,68,112,154,75,552,False
672,skiddo,grass,,9,310,66,65,48,62,57,52,350,False
673,gogoat,grass,,17,910,123,100,62,97,81,68,531,False
674,pancham,fighting,,6,80,67,82,62,46,48,43,348,False
675,pangoro,fighting,dark,21,1360,95,124,78,69,71,58,495,False
676,furfrou,normal,,12,280,75,80,60,65,90,102,472,False
677,espurr,psychic,,3,35,62,48,54,63,60,68,355,False
678,meowstic-male,psychic,,6,85,74,48,76,83,81,104,466,False
679,honedge,steel,ghost,8,20,45,80,100,35,37,28,325,False
680,doublade,steel,ghost,8,45,59,110,150,45,49,35,448,False
681,aegislash-shield,steel,ghost,17,530,60,50,140,50,140,60,500,False
682,spritzee,fairy,,2,5,78,52,60,63,65,23,341,False
683,aromatisse,fairy,,8,155,101,72,72,99,89,29,462,False
684,swirlix,fairy,,4,35,62,48,66,59,57,49,341,False
685,slurpuff,fairy,,8,50,82,80,86,85,75,72,480,False
686,inkay,dark,psychic,4,35,53,54,53,37,46,45,288,False
687,malamar,dark,psychic,15,470,86,92,88,68,75,73,482,False
688,binacle,rock,water,5,310,42,52,67,39,56,50,306,False
689,barbaracle,rock,water,13,960,72,105,115,54,86,68,500,False
690,skrelp,poison,water,5,73,50,60,60,60,60,30,320,False
691,dragalge,poison,dragon,18,815,65,75,90,97,123,44,494,False
692,clauncher,water,,5,83,50,53,62,58,63,44,330,False
693,clawitzer,water,,13,353,71,73,88,120,89,59,500,False
694,helioptile,electric,normal,5,60,44,38,33,61,43,70,289,False
695,heliolisk,electric,normal,10,210,62,55,52,109,94,109,481,False
696,tyrunt,rock,dragon,8,260,58,89,77,45,45,48,362,False
697,tyrantrum,rock,dragon,25,2700,82,121,119,69,59,71,521,False
698,amaura,rock,ice,13,252,77,59,50,67,63,46,362,False
699,aurorus,rock,ice,27,2250,123,77,72,99,92,58,521,False
700,sylveon,fairy,,10,235,95,65,65,110,130,60,525,False
701,hawlucha,fighting,flying,8,215,78,92,75,74,63,118,500,False
702,dedenne,electric,fairy,2,22,67,58,57,81,67,101,431,False
703,carbink,rock,fairy,3,57,50,50,150,50,150,50,500,False
704,goomy,dragon,,3,28,45,50,35,55,75,40,300,False
705,sliggoo,dragon,,8,175,68,75,53,83,113,60,452,False
706,goodra,dragon,,20,1505,90,100,70,110,150,80,600,False
707,klefki,steel,fairy,2,30,57,80,91,80,87,75,470,False
708,phantump,ghost,grass,4,70,43,70,48,50,60,38,309,False
709,trevenant,ghost,grass,15,710,85,110,76,65,82,56,474,False
710,pumpkaboo-average,ghost,grass,4,50,49,66,70,44,55,51,335,False
711,gourgeist-average,ghost,grass,9,125,65,90,122,58,75,84,494,False
712,bergmite,ice,,10,995,55,69,85,32,35,28,304,False
713,avalugg,ice,,20,5050,95,117,184,44,46,28,514,False
714,noibat,flying,dragon,5,80,40,30,35,45,40,55,245,False
715,noivern,flying,dragon,15,850,85,70,80,97,80,123,535,False
716,xerneas,fairy,,30,2150,126,131,95,131,98,99,680,True
717,yveltal,dark,flying,58,2030,126,131,95,131,98,99,680,True
718,zygarde-50,dragon,ground,50,3050,108,100,121,81,95,95,600,True
719,diancie,rock,fairy,7,88,50,100,150,100,150,50,600,True
720,hoopa,psychic,ghost,5,90,80,110,60,150,130,70,600,True
721,volcanion,fire,water,17,1950,80,110,120,130,90,70,600,True
722,rowlet,grass,flying,3,15,68,55,55,50,50,42,320,False
723,dartrix,grass,flying,7,160,78,75,75,70,70,52,420,False
724,decidueye,grass,ghost,16,366,78,107,75,100,100,70,530,False
725,litten,fire,,4,43,45,65,40,60,40,70,320,False
726,torracat,fire,,7,250,65,85,50,80,50,90,420,False
727,incineroar,fire,dark,18,830,95,115,90,80,90,60,530,False
728,popplio,water,,4,75,50,54,54,66,56,40,320,False
729,brionne,water,,6,175,60,69,69,91,81,50,420,False
730,primarina,water,fairy,18,440,80,74,74,126,116,60,530,False
731,pikipek,normal,flying,3,12,35,75,30,30,30,65,265,False
732,trumbeak,normal,flying,6,148,55,85,50,40,50,75,355,False
733,toucannon,normal,flying,11,260,80,120,75,75,75,60,485,False
734,yungoos,normal,,4,60,48,70,30,30,30,45,253,False
735,gumshoos,normal,,7,142,88,110,60,55,60,45,418,False
736,grubbin,bug,,4,44,47,62,45,55,45,46,300,False
737,charjabug,bug,electric,5,105,57,82,95,55,75,36,400,False
738,vikavolt,bug,electric,15,450,77,70,90,145,75,43,500,False
739,crabrawler,fighting,,6,70,47,82,57,42,47,63,338,False
740,crabominable,fighting,ice,17,1800,97,132,77,62,67,43,478,False
741,oricorio-baile,fire,flying,6,34,75,70,70,98,70,93,476,False
742,cutiefly,bug,fairy,1,2,40,45,40,55,40,84,304,False
743,ribombee,bug,fairy,2,5,60,55,60,95,70,124,464,False
744,rockruff,rock,,5,92,45,65,40,30,40,60,280,False
745,lycanroc-midday,rock,,8,250,75,115,65,55,65,112,487,False
746,wishiwashi-solo,water,,2,3,45,20,20,25,25,40,175,False
747,mareanie,poison,water,4,80,50,53,62,43,52,45,305,False
748,toxapex,poison,water,7,145,50,63,152,53,142,35,495,False
749,mudbray,ground,,10,1100,70,100,70,45,55,45,385,False
750,mudsdale,ground,,25,9200,100,125,100,55,85,35,500,False
751,dewpider,water,bug,3,40,38,40,52,40,72,27,269,False
752,araquanid,water,bug,18,820,68,70,92,50,132,42,454,False
753,fomantis,grass,,3,15,40,55,35,50,35,35,250,False
754,lurantis,grass,,9,185,70,105,90,80,90,45,480,False
755,morelull,grass,fairy,2,15,40,35,55,65,75,15,285,False
756,shiinotic,grass,fairy,10,115,60,45,80,90,100,30,405,False
757,salandit,poison,fire,6,48,48,44,40,71,40,77,320,False
758,salazzle,poison,fire,12,222,68,64,60,111,60,117,480,False
759,stufful,normal,fighting,5,68,70,75,50,45,50,50,340,False
760,bewear,normal,fighting,21,1350,120,125,80,55,60,60,500,False
761,bounsweet,grass,,3,32,42,30,38,30,38,32,210,False
762,steenee,grass,,7,82,52,40,48,40,48,62,290,False
763,tsareena,grass,,12,214,72,120,98,50,98,72,510,False
764,comfey,fairy,,1,3,51,52,90,82,110,100,485,False
765,oranguru,normal,psychic,15,760,90,60,80,90,110,60,490,False
766,passimian,fighting,,20,828,100,120,90,40,60,80,490,False
767,wimpod,bug,water,5,120,25,35,40,20,30,80,230,False
768,golisopod,bug,water,20,1080,75,125,140,60,90,40,530,False
769,sandygast,ghost,ground,5,700,55,55,80,70,45,15,320,False
770,palossand,ghost,ground,13,2500,85,75,110,100,75,35,480,False
771,pyukumuku,water,,3,12,55,60,130,30,130,5,410,False
772,type-null,normal,,19,1205,95,95,95,95,95,59,534,True
773,silvally,normal,,23,1005,95,95,95,95,95,95,570,True
774,minior-red-meteor,rock,flying,3,400,60,60,100,60,100,60,440,False
775,komala,normal,,4,199,65,115,65,75,95,65,480,False
776,turtonator,fire,dragon,20,2120,60,78,135,91,85,36,485,False
777,togedemaru,electric,steel,3,33,65,98,63,40,73,96,435,False
778,mimikyu-disguised,ghost,fairy,2,7,55,90,80,50,105,96,476,False
779,bruxish,water,psychic,9,190,68,105,70,70,70,92,475,False
780,drampa,normal,dragon,30,1850,78,60,85,135,91,36,485,False
781,dhelmise,ghost,grass,39,2100,70,131,100,86,90,40,517,False
782,jangmo-o,dragon,,6,297,45,55,65,45,45,45,300,False
783,hakamo-o,dragon,fighting,12,470,55,75,90,65,70,65,420,False
784,kommo-o,dragon,fighting,16,782,75,110,125,100,105,85,600,False
785,tapu-koko,electric,fairy,18,205,70,115,85,95,75,130,570,True
786,tapu-lele,psychic,fairy,12,186,70,85,75,130,115,95,570,True
787,tapu-bulu,grass,fairy,19,455,70,130,115,85,95,75,570,True
788,tapu-fini,water,fairy,13,212,70,75,115,95,130,85,570,True
789,cosmog,psychic,,2,1,43,29,31,29,31,37,200,True
790,cosmoem,psychic,,1,9999,43,29,131,29,131,37,400,True
791,solgaleo,psychic,steel,34,2300,137,137,107,113,89,97,680,True
792,lunala,psychic,ghost,40,1200,137,113,89,137,107,97,680,True
793,nihilego,rock,poison,12,555,109,53,47,127,131,103,570,False
794,buzzwole,bug,fighting,24,3336,107,139,139,53,53,79,570,False
795,pheromosa,bug,fighting,18,250,71,137,37,137,37,151,570,False
796,xurkitree,electric,,38,1000,83,89,71,173,71,83,570,False
797,celesteela,steel,flying,92,9999,97,101,103,107,101,61,570,False
798,kartana,grass,steel,3,1,59,181,131,59,31,109,570,False
799,guzzlord,dark,dragon,55,8880,223,101,53,97,53,43,570,False
800,necrozma,psychic,,24,2300,97,107,101,127,89,79,600,True
801,magearna,steel,fairy,10,805,80,95,115,130,115,65,600,True
802,marshadow,fighting,ghost,7,222,90,125,80,90,90,125,600,True
803,poipole,poison,,6,18,67,73,67,73,67,73,420,False
804,naganadel,poison,dragon,36,1500,73,73,73,127,73,121,540,False
805,stakataka,rock,steel,55,8200,61,131,211,53,101,13,570,False
806,blacephalon,fire,ghost,18,130,53,127,53,151,79,107,570,False
807,zeraora,electric,,15,445,88,112,75,102,80,143,600,True
808,meltan,steel,,2,80,46,65,65,55,35,34,300,True
809,melmetal,steel,,25,8000,135,143,143,80,65,34,600,True
810,grookey,grass,,3,50,50,65,50,40,40,65,310,False
811,thwackey,grass,,7,140,70,85,70,55,60,80,420,False
812,rillaboom,grass,,21,900,100,125,90,60,70,85,530,False
813,scorbunny,fire,,3,45,50,71,40,40,40,69,310,False
814,raboot,fire,,6,90,65,86,60,55,60,94,420,False
815,cinderace,fire,,14,330,80,116,75,65,75,119,530,False
816,sobble,water,,3,40,50,40,40,70,40,70,310,False
817,drizzile,water,,7,115,65,60,55,95,55,90,420,False
818,inteleon,water,,19,452,70,85,65,125,65,120,530,False
819,skwovet,normal,,3,25,70,55,55,35,35,25,275,False
820,greedent,normal,,6,60,120,95,95,55,75,20,460,False
821,rookidee,flying,,2,18,38,47,35,33,35,57,245,False
822,corvisquire,flying,,8,160,68,67,55,43,55,77,365,False
823,corviknight,flying,steel,22,750,98,87,105,53,85,67,495,False
824,blipbug,bug,,4,80,25,20,20,25,45,45,180,False
825,dottler,bug,psychic,4,195,50,35,80,50,90,30,335,False
826,orbeetle,bug,psychic,4,408,60,45,110,80,120,90,505,False
827,nickit,dark,,6,89,40,28,28,47,52,50,245,False
828,thievul,dark,,12,199,70,58,58,87,92,90,455,False
829,gossifleur,grass,,4,22,40,40,60,40,60,10,250,False
830,eldegoss,grass,,5,25,60,50,90,80,120,60,460,False
831,wooloo,normal,,6,60,42,40,55,40,45,48,270,False
832,dubwool,normal,,13,430,72,80,100,60,90,88,490,False
833,chewtle,water,,3,85,50,64,50,38,38,44,284,False
834,drednaw,water,rock,10,1155,90,115,90,48,68,74,485,False
835,yamper,electric,,3,135,59,45,50,40,50,26,270,False
836,boltund,electric,,10,340,69,90,60,90,60,121,490,False
837,rolycoly,rock,,3,120,30,40,50,40,50,30,240,False
838,carkol,rock,fire,11,780,80,60,90,60,70,50,410,False
839,coalossal,rock,fire,28,3105,110,80,120,80,90,30,510,False
840,applin,grass,dragon,2,5,40,40,80,40,40,20,260,False
841,flapple,grass,dragon,3,10,70,110,80,95,60,70,485,False
842,appletun,grass,dragon,4,130,110,85,80,100,80,30,485,False
843,silicobra,ground,,22,76,52,57,75,35,50,46,315,False
844,sandaconda,ground,,38,655,72,107,125,65,70,71,510,False
845,cramorant,flying,water,8,180,70,85,55,85,95,85,475,False
846,arrokuda,water,,5,10,41,63,40,40,30,66,280,False
847,barraskewda,water,,13,300,61,123,60,60,50,136,490,False
848,toxel,electric,poison,4,110,40,38,35,54,35,40,242,False
849,toxtricity-amped,electric,poison,16,400,75,98,70,114,70,75,502,False
850,sizzlipede,fire,bug,7,10,50,65,45,50,50,45,305,False
851,centiskorch,fire,bug,30,1200,100,115,65,90,90,65,525,False
852,clobbopus,fighting,,6,40,50,68,60,50,50,32,310,False
853,grapploct,fighting,,16,390,80,118,90,70,80,42,480,False
854,sinistea,ghost,,1,2,40,45,45,74,54,50,308,False
855,polteageist,ghost,,2,4,60,65,65,134,114,70,508,False
856,hatenna,psychic,,4,34,42,30,45,56,53,39,265,False
857,hattrem,psychic,,6,48,57,40,65,86,73,49,370,False
858,hatterene,psychic,fairy,21,51,57,90,95,136,103,29,510,False
859,impidimp,dark,fairy,4,55,45,45,30,55,40,50,265,False
860,morgrem,dark,fairy,8,125,65,60,45,75,55,70,370,False
861,grimmsnarl,dark,fairy,15,610,95,120,65,95,75,60,510,False
862,obstagoon,dark,normal,16,460,93,90,101,60,81,95,520,False
863,perrserker,steel,,8,280,70,110,100,50,60,50,440,False
864,cursola,ghost,,10,4,60,95,50,145,130,30,510,False
865,sirfetchd,fighting,,8,1170,62,135,95,68,82,65,507,False
866,mr-rime,ice,psychic,15,582,80,85,75,110,100,70,520,False
867,runerigus,ground,ghost,16,666,58,95,145,50,105,30,483,False
868,milcery,fairy,,2,3,45,40,40,50,61,34,270,False
869,alcremie,fairy,,3,5,65,60,75,110,121,64,495,False
870,falinks,fighting,,30,620,65,100,100,70,60,75,470,False
871,pincurchin,electric,,3,10,48,101,95,91,85,15,435,False
872,snom,ice,bug,3,38,30,25,35,45,30,20,185,False
873,frosmoth,ice,bug,13,420,70,65,60,125,90,65,475,False
874,stonjourner,rock,,25,5200,100,125,135,20,20,70,470,False
875,eiscue-ice,ice,,14,890,75,80,110,65,90,50,470,False
876,indeedee-male,psychic,normal,9,280,60,65,55,105,95,95,475,False
877,morpeko-full-belly,electric,dark,3,30,58,95,58,70,58,97,436,False
878,cufant,steel,,12,1000,72,80,49,40,49,40,330,False
879,copperajah,steel,,30,6500,122,130,69,80,69,30,500,False
880,dracozolt,electric,dragon,18,1900,90,100,90,80,70,75,505,False
881,arctozolt,electric,ice,23,1500,90,100,90,90,80,55,505,False
882,dracovish,water,dragon,23,2150,90,90,100,70,80,75,505,False
883,arctovish,water,ice,20,1750,90,90,100,80,90,55,505,False
884,duraludon,steel,dragon,18,400,70,95,115,120,50,85,535,False
885,dreepy,dragon,ghost,5,20,28,60,30,40,30,82,270,False
886,drakloak,dragon,ghost,14,110,68,80,50,60,50,102,410,False
887,dragapult,dragon,ghost,30,500,88,120,75,100,75,142,600,False
888,zacian,fairy,,28,1100,92,120,115,80,115,138,660,True
889,zamazenta,fighting,,29,2100,92,120,115,80,115,138,660,True
890,eternatus,poison,dragon,200,9500,140,85,95,145,95,130,690,True
891,kubfu,fighting,,6,120,60,90,60,53,50,72,385,True
892,urshifu-single-strike,fighting,dark,19,1050,100,130,100,63,60,97,550,True
893,zarude,dark,grass,18,700,105,120,105,70,95,105,600,True
894,regieleki,electric,,12,1450,80,100,50,100,50,200,580,True
895,regidrago,dragon,,21,2000,200,100,50,100,50,80,580,True
896,glastrier,ice,,22,8000,100,145,130,65,110,30,580,True
897,spectrier,ghost,,20,445,100,65,60,145,80,130,580,True
898,calyrex,psychic,grass,11,77,100,80,80,80,80,80,500,True
899,wyrdeer,normal,psychic,18,951,103,105,72,105,75,65,525,False
900,kleavor,bug,rock,18,890,70,135,95,45,70,85,500,False
901,ursaluna,ground,normal,24,2900,130,140,105,45,80,50,550,False
902,basculegion-male,water,ghost,30,1100,120,112,65,80,75,78,530,False
903,sneasler,fighting,poison,13,430,80,130,60,40,80,120,510,False
904,overqwil,dark,poison,25,605,85,115,95,65,65,85,510,False
905,enamorus-incarnate,fairy,flying,16,480,74,115,70,135,80,106,580,True
906,sprigatito,grass,,4,41,40,61,54,45,45,65,310,False
907,floragato,grass,,9,122,61,80,63,60,63,83,410,False
908,meowscarada,grass,dark,15,312,76,110,70,81,70,123,530,False
909,fuecoco,fire,,4,98,67,45,59,63,40,36,310,False
910,crocalor,fire,,10,307,81,55,78,90,58,49,411,False
911,skeledirge,fire,ghost,16,3265,104,75,100,110,75,66,530,False
912,quaxly,water,,5,61,55,65,45,50,45,50,310,False
913,quaxwell,water,,12,215,70,85,65,65,60,65,410,False
914,quaquaval,water,fighting,18,619,85,120,80,85,75,85,530,False
915,lechonk,normal,,5,102,54,45,40,35,45,35,254,False
916,oinkologne-male,normal,,10,1200,110,100,75,59,80,65,489,False
917,tarountula,bug,,3,40,35,41,45,29,40,20,210,False
918,spidops,bug,,10,165,60,79,92,52,86,35,404,False
919,nymble,bug,,2,10,33,46,40,21,25,45,210,False
920,lokix,bug,dark,10,175,71,102,78,52,55,92,450,False
921,pawmi,electric,,3,25,45,50,20,40,25,60,240,False
922,pawmo,electric,fighting,4,65,60,75,40,50,40,85,350,False
923,pawmot,electric,fighting,9,410,70,115,70,70,60,105,490,False
924,tandemaus,normal,,3,18,50,50,45,40,45,75,305,False
925,maushold-family-of-four,normal,,3,23,74,75,70,65,75,111,470,False
926,fidough,fairy,,3,109,37,55,70,30,55,65,312,False
927,dachsbun,fairy,,5,149,57,80,115,50,80,95,477,False
928,smoliv,grass,normal,3,65,41,35,45,58,51,30,260,False
929,dolliv,grass,normal,6,119,52,53,60,78,78,33,354,False
930,arboliva,grass,normal,14,482,78,69,90,125,109,39,510,False
931,squawkabilly-green-plumage,normal,flying,6,24,82,96,51,45,51,92,417,False
932,nacli,rock,,4,160,55,55,75,35,35,25,280,False
933,naclstack,rock,,6,1050,60,60,100,35,65,35,355,False
934,garganacl,rock,,23,2400,100,100,130,45,90,35,500,False
935,charcadet,fire,,6,105,40,50,40,50,40,35,255,False
936,armarouge,fire,psychic,15,850,85,60,100,125,80,75,525,False
937,ceruledge,fire,ghost,16,620,75,125,80,60,100,85,525,False
938,tadbulb,electric,,3,4,61,31,41,59,35,45,272,False
939,bellibolt,electric,,12,1130,109,64,91,103,83,45,495,False
940,wattrel,electric,flying,4,36,40,40,35,55,40,70,280,False
941,kilowattrel,electric,flying,14,386,70,70,60,105,60,125,490,False
942,maschiff,dark,,5,160,60,78,60,40,51,51,340,False
943,mabosstiff,dark,,11,610,80,120,90,60,70,85,505,False
944,shroodle,poison,normal,2,7,40,65,35,40,35,75,290,False
945,grafaiai,poison,normal,7,272,63,95,65,80,72,110,485,False
946,bramblin,grass,ghost,6,6,40,65,30,45,35,60,275,False
947,brambleghast,grass,ghost,12,60,55,115,70,80,70,90,480,False
948,toedscool,ground,grass,9,330,40,40,35,50,100,70,335,False
949,toedscruel,ground,grass,19,580,80,70,65,80,120,100,515,False
950,klawf,rock,,13,790,70,100,115,35,55,75,450,False
951,capsakid,grass,,3,30,50,62,40,62,40,50,304,False
952,scovillain,grass,fire,9,150,65,108,65,108,65,75,486,False
953,rellor,bug,,2,10,41,50,60,31,58,30,270,False
954,rabsca,bug,psychic,3,35,75,50,85,115,100,45,470,False
955,flittle,psychic,,2,15,30,35,30,55,30,75,255,False
956,espathra,psychic,,19,900,95,60,60,101,60,105,481,False
957,tinkatink,fairy,steel,4,89,50,45,45,35,64,58,297,False
958,tinkatuff,fairy,steel,7,591,65,55,55,45,82,78,380,False
959,tinkaton,fairy,steel,7,1128,85,75,77,70,105,94,506,False
960,wiglett,water,,12,18,10,55,25,35,25,95,245,False
961,wugtrio,water,,12,54,35,100,50,50,70,120,425,False
962,bombirdier,flying,dark,15,429,70,103,85,60,85,82,485,False
963,finizen,water,,13,602,70,45,40,45,40,75,315,False
964,palafin-zero,water,,13,602,100,70,72,53,62,100,457,False
965,varoom,steel,poison,10,350,45,70,63,30,45,47,300,False
966,revavroom,steel,poison,18,1200,80,119,90,54,67,90,500,False
967,cyclizar,dragon,normal,16,630,70,95,65,85,65,121,501,False
968,orthworm,steel,,25,3100,70,85,145,60,55,65,480,False
969,glimmet,rock,poison,7,80,48,35,42,105,60,60,350,False
970,glimmora,rock,poison,15,450,83,55,90,130,81,86,525,False
971,greavard,ghost,,6,350,50,61,60,30,55,34,290,False
972,houndstone,ghost,,20,150,72,101,100,50,97,68,488,False
973,flamigo,flying,fighting,16,370,82,115,74,75,64,90,500,False
974,cetoddle,ice,,12,450,108,68,45,30,40,43,334,False
975,cetitan,ice,,45,7000,170,113,65,45,55,73,521,False
976,veluza,water,psychic,25,900,90,102,73,78,65,70,478,False
977,dondozo,water,,120,2200,150,100,115,65,65,35,530,False
978,tatsugiri-curly,dragon,water,3,80,68,50,60,120,95,82,475,False
979,annihilape,fighting,ghost,12,560,110,115,80,50,90,90,535,False
980,clodsire,poison,ground,18,2230,130,75,60,45,100,20,430,False
981,farigiraf,normal,psychic,32,1600,120,90,70,110,70,60,520,False
982,dudunsparce-two-segment,normal,,36,392,125,100,80,85,75,55,520,False
983,kingambit,dark,steel,20,1200,100,135,120,60,85,50,550,False
984,great-tusk,ground,fighting,22,3200,115,131,131,53,53,87,570,False
985,scream-tail,fairy,psychic,12,80,115,65,99,65,115,111,570,False
986,brute-bonnet,grass,dark,12,210,111,127,99,79,99,55,570,False
987,flutter-mane,ghost,fairy,14,40,55,55,55,135,135,135,570,False
988,slither-wing,bug,fighting,32,920,85,135,79,85,105,81,570,False
989,sandy-shocks,electric,ground,23,600,85,81,97,121,85,101,570,False
990,iron-treads,ground,steel,9,2400,90,112,120,72,70,106,570,False
991,iron-bundle,ice,water,6,110,56,80,114,124,60,136,570,False
992,iron-hands,fighting,electric,18,3807,154,140,108,50,68,50,570,False
993,iron-jugulis,dark,flying,13,1110,94,80,86,122,80,108,570,False
994,iron-moth,fire,poison,12,360,80,70,60,140,110,110,570,False
995,iron-thorns,rock,electric,16,3030,100,134,110,70,84,72,570,False
996,frigibax,dragon,ice,5,170,65,75,45,35,45,55,320,False
997,arctibax,dragon,ice,8,300,90,95,66,45,65,62,423,False
998,baxcalibur,dragon,ice,21,2100,115,145,92,75,86,87,600,False
999,gimmighoul,ghost,,3,50,45,30,70,75,70,10,300,False
1000,gholdengo,steel,ghost,12,300,87,60,95,133,91,84,550,False
1001,wo-chien,dark,grass,15,742,85,85,100,95,135,70,570,True
1002,chien-pao,dark,ice,19,1522,80,120,80,90,65,135,570,True
1003,ting-lu,dark,ground,27,6997,155,110,125,55,80,45,570,True
1004,chi-yu,dark,fire,4,49,55,80,80,135,120,100,570,True
1005,roaring-moon,dragon,dark,20,3800,105,139,71,55,101,119,590,False
1006,iron-valiant,fairy,fighting,14,350,74,130,90,120,60,116,590,False
1007,koraidon,fighting,dragon,25,3030,100,135,115,85,100,135,670,True
1008,miraidon,electric,dragon,35,2400,100,85,100,135,115,135,670,True
1009,walking-wake,water,dragon,35,2800,99,83,91,125,83,109,590,False
1010,iron-leaves,grass,psychic,15,1250,90,130,88,70,108,104,590,False
1011,dipplin,grass,dragon,4,97,80,80,110,95,80,40,485,False
1012,poltchageist,grass,ghost,1,11,40,45,45,74,54,50,308,False
1013,sinistcha,grass,ghost,2,22,71,60,106,121,80,70,508,False
1014,okidogi,poison,fighting,18,922,88,128,115,58,86,80,555,True
1015,munkidori,poison,psychic,10,122,88,75,66,130,90,106,555,True
1016,fezandipiti,poison,fairy,14,301,88,91,82,70,125,99,555,True
1017,ogerpon,grass,,12,398,80,120,84,60,96,110,550,True
1018,archaludon,steel,dragon,20,600,90,105,130,125,65,85,600,False
1019,hydrapple,grass,dragon,18,930,106,80,110,120,80,44,540,False
1020,gouging-fire,fire,dragon,35,5900,105,115,121,65,93,91,590,False
1021,raging-bolt,electric,dragon,52,4800,125,73,91,137,89,75,590,False
1022,iron-boulder,rock,psychic,15,1625,90,120,80,68,108,124,590,False
1023,iron-crown,steel,psychic,16,1560,90,72,100,122,108,98,590,False
1024,terapagos,normal,,2,65,90,65,85,65,85,60,450,True
1025,pecharunt,poison,ghost,3,3,88,88,160,88,88,88,600,True
